PlayerID,Player_Name
9631.0,Jones Brad
13083.0,Hussein Abdulghani 
13084.0,Mohammad Al-Shalhoub 
14416.0,Boussoufa Moubarak
14553.0,Soriano Jonatan
14729.0,Ruano Alexis
15739.0,Guy Herve
17337.0,Medjani Carl
17441.0,Jurado José Manuel
26848.0,Tziolis Alexandros
28491.0,Ali Al Habsi 
28549.0,Mbolhi Rais
35602.0,Amer Shafi 
35956.0,Nesterov Ignatiy
36606.0,Taiseer Al Jassam 
36611.0,Nassir Al-Shamrani 
37418.0,Yasser Al-Mosailem 
37419.0,Mustafa Malaika 
37782.0,Bangoura Ismael
37863.0,Manuel da Costa 
37998.0,Gomis Bafétimbi
39242.0,El Ahmadi Karim
40283.0,Giovinco Sebastian
42783.0,Villanueva Carlos
44604.0,Amrabat Nordin
46345.0,El Ghanassy Yassine
49266.0,Alberto Botía 
49332.0,Chermiti Amine
50233.0,Prijovic Aleksandar
50412.0,Hyland Khaleem
50500.0,Bouhaddouz Aziz
52042.0,Toko Nzuzi
52381.0,Souza 
52574.0,Thiago Carleto 
52787.0,Cássio 
54963.0,Akpala Joseph
55950.0,Williams Rhys
56107.0,Maicon 
56451.0,Gómez Jonathan
57185.0,Gaman Valerica
57317.0,Ramos Christian
58888.0,Fernandão 
58996.0,Mboyo Ilombe
59052.0,Kanu 
61134.0,Giuliano 
61144.0,Renato Chaves 
61841.0,Carlos Eduardo 
62370.0,Álvarez Gilbert
64658.0,Oumarou Aboubakar
66449.0,Besara Nahir
67242.0,Kiss Filip
68509.0,Puljic Ante
72175.0,Belaid Aimen
72594.0,Sipovic Enes
76176.0,Yahaya Seydou
77706.0,Jurman Matthew
78100.0,Aguirregaray Matías
80299.0,Mohamed Shafy 
80307.0,Akaichi Ahmed
80629.0,Colak Emre
81347.0,Igboananike Kennedy
83289.0,Stanciu Nicolae
83680.0,Waleed Ali 
83682.0,Osama Hawsawi 
83684.0,Abdullah Al Zoari 
83686.0,Ahmed Al-Fraidi 
83689.0,Naif Hazazi 
83695.0,Yahya Alshehri 
83696.0,Mohammed Al-Sahlawi 
84372.0,Diogo Salomão 
84629.0,Héldon 
86337.0,Koval Maksym
88584.0,Jorge Santos 
88945.0,Hasani Ferhan
90714.0,Musa Ahmed
92991.0,Budescu Constantin
93194.0,Sanogo Sekou
93989.0,Pesic Aleksandar
96198.0,Igor Rossi 
100172.0,Luiz Antônio 
100234.0,Bruno Uvini 
100412.0,Carrillo André
100684.0,Sebá 
101313.0,Ricardo Machado 
101779.0,Somália 
102685.0,Ruiz John Jairo
103403.0,Muralha 
104009.0,Jehad Al-Hussain 
104254.0,Adriano Facchini 
104292.0,Nildo Petrolina 
104481.0,Djaniny 
105045.0,Tsiskaridze Zurab
105734.0,Sandro Manoel 
106244.0,Nawaf Al Abid 
106943.0,Mohamed Abusabaan 
106956.0,Yahya Otain 
106968.0,Abdullah Al Hafith 
107649.0,Ohene Carlos
107968.0,Kader 
109729.0,Hassan Al-Raheb 
109731.0,Waleed Bakhashwain 
109733.0,Abdullah Al-Mayoof 
109737.0,Jufain Al-Bishi 
109739.0,Abdullah Al-Jadani 
109740.0,Mansour Al-Harbi 
109744.0,Mohammed Majrashi 
109758.0,Mohammed Al-Qarni 
109759.0,Salman Al-Faraj 
109763.0,Salem Al Dawsari 
109765.0,Fahad Aljuhani 
109767.0,Khalid Al-Khabi 
109801.0,Fawaz Al-Qarni 
109804.0,Mohammed Salem 
109805.0,Ahmed Asiri 
109807.0,Mohammed Al-Amri 
109811.0,Hattan Bahebri 
109816.0,Abdo Al-Basisi 
109857.0,Abdullah Al-Oaisher 
109868.0,Yahya Al-Muslim 
109876.0,Mohammed Al-Fuhaid 
109877.0,Majed Hazazi 
109888.0,Hussain Al-Moqahwi 
109891.0,Élton 
109902.0,Rabeaa Sefiani 
109917.0,Faisal Darwish 
109927.0,Abdulaziz Al-Jebreen 
109943.0,Hassan Muath 
109951.0,Saleh Al-Qumayzi 
109955.0,Abdulmalek Al-Khaibri 
109956.0,Fahad Hamad 
109959.0,Sultan Almasrahi 
109960.0,Saeed Al-Dosari 
109962.0,Yaseer Al-Shahrani 
109963.0,Abdullah Kano 
109965.0,Mokhtar Falatah 
110045.0,Awad Khamis 
110071.0,Aqeel Balghaith 
110072.0,Mohammed Jahfali 
110073.0,Wesam Al-Swed 
110085.0,Omar Abdulaziz 
110165.0,Tawfiq Buhumaid 
110177.0,Adnan Fallatah 
110182.0,Shaye Sharahili 
110184.0,Khaled Al-Ghamdi 
110186.0,Omar Hawsawi 
110189.0,Ibrahim Ghaleb 
110639.0,Mohammed Al-Fatil 
110913.0,Yassen Hamza 
111199.0,Saleh Al-Amri 
111746.0,Ali Al-Zaqan 
111768.0,Fahad Al Muwallad 
112220.0,Ibrahim Al-Zubaidi 
112246.0,Muhannad Aseri 
112248.0,Eslam Seraj 
112249.0,Salman Muwashar 
112552.0,Fawaz Fallatah 
112583.0,Sami Al-Khaibary 
112607.0,Osama Ashoor 
114340.0,Hassen Jaaferi 
114556.0,Abdullah Al-Saleh 
114557.0,Sultan Al-Sawadi 
116296.0,Fahad Al Ansari 
116634.0,Baraka 
117348.0,Romarinho 
118630.0,Lucas 
119228.0,Garry Rodrigues 
119431.0,Omar Abdulrahman 
119654.0,Arias Ramón
119668.0,Anselmo 
121292.0,Alemán Brahian
121604.0,Jamaan Al-Dosari 
122482.0,Hassan Kadesh 
122485.0,Mohmad Atiah 
124181.0,Gegé 
124932.0,Saleh Al-Shehri 
126470.0,Jhonnattann Benites 
130038.0,Madallah Al-Olayan 
130042.0,Nawaf Al-Sabhi 
131577.0,Abdullah Al-Salim 
131853.0,Malik Osama
131957.0,Duncan Jack
133316.0,Sari Amro 
135367.0,Ali Kharmi 
144015.0,Ben Youssef Fakhreddine
148405.0,Asprilla Danilo
148503.0,Abdallah El Said 
149037.0,Degenek Milos
149210.0,Otero Rómulo
149235.0,Rivas Gelmin
149448.0,Saeed Al Muwallad 
149489.0,Pajoy John
149498.0,Bonilla Cristian
149783.0,Doukha Azzedine
149859.0,Hamdallah Abderazak
151548.0,Feraud Carlos
152023.0,Nouh Al-Mousa 
152063.0,Baeza Claudio
152200.0,Fernández Ronnie
152795.0,Abdulfattah Asiri 
152796.0,Abdulrahman Al-Ghamdi 
152915.0,Apodi 
153160.0,Talal Al-Absi 
153885.0,Mohammed Al Owais 
153932.0,Abdulrahman Al-Barakah 
154073.0,Hazzaa Al-Hazzaa 
154075.0,Aderllan Santos 
154093.0,Teikeu Adolphe
154308.0,Farley 
155313.0,Díaz Paulo
155744.0,Tawamba Leandre
159127.0,Korzun Nikita
159492.0,Abdullah Madu 
159496.0,Arthur Caike 
160068.0,Ahmed Al-Nathiri 
161222.0,Tareg Alkabe 
161225.0,Saqr Ataif 
162870.0,Denilson 
164711.0,Marcos Guilherme 
166418.0,Euller 
167772.0,Yago 
168093.0,Naldo 
168414.0,Abdullah Otayf 
168418.0,Sultan Al-Deayea 
168461.0,Mazen Abu Sharah 
168466.0,Ali Al-Khaibari 
169018.0,Fatau Mohammed
169576.0,Petros 
170031.0,Mohamed Kanno 
170110.0,Mohammed Qassem Al-Nakhli 
170263.0,Jorginho 
170431.0,Daniel Amora 
171146.0,Mansour Hamzi 
172469.0,Jamal Bajandouh 
172882.0,Valdivia 
174231.0,Amar Al Dohaim 
174834.0,Abdulmajeed Al-Sulaiheem 
176090.0,Moslem Al-Freej 
176269.0,Raid Al-Ghamdi 
177389.0,Mohammed Al-Burayk 
177397.0,Mohammed Al-Saiari 
177640.0,Arango Johan
177808.0,Ryan Al-Mousa 
177809.0,Hamed Al-Mansour 
178255.0,Ahmed Sharahili 
178284.0,Yaseen Barnawi 
179007.0,Abdullah Al-Shamekh 
179436.0,Rodolfo 
180274.0,Hamad Al-Juhaim 
180278.0,Ben Mustapha Farouk
180594.0,Sultan Al-Ghannam 
180722.0,Yazeed Al Bakr 
181116.0,Moataz Tombakti 
181117.0,Abdulmohsen Fallatah 
182180.0,Fagner Alemão 
182331.0,Bismark Ferreira 
182594.0,Jonas 
183093.0,Luisinho 
185407.0,Mohamed Awwad 
185439.0,Hussein El-Sayed 
189787.0,Omar Al Soma 
191731.0,Nayef Al-Mosa 
191738.0,Motaz Hawsawi 
191741.0,Abdullah Al-Fahad 
191742.0,Rogério 
191751.0,Hussain Al-Showaish 
191758.0,Mohammed Al Kuwaykibi 
194373.0,Maher Al-Mutairi 
194384.0,Sultan Mandash 
194390.0,Faris Alayaf 
194669.0,Ismail Al-Maghrabi 
195431.0,Fawaz Al-Sagourq 
195837.0,Ahmad Al Hbeab 
195839.0,Jovanovic Sasa
197372.0,Abdullah Al-Amar 
197483.0,Faisal Almsarhe 
197485.0,Abdulrahman Al-Obaid 
197493.0,Majed Al-Najrani 
197500.0,Hassan Al-Habib 
197620.0,Masood Bekheet 
197678.0,Naif Hazzazi 
197721.0,Ali Hazzazi 
197815.0,Hamdan Al Ruwaili 
197918.0,Mohammed Mohsen 
201918.0,Guanca Cristian
202915.0,Trawally Bubacarr
203065.0,Calderón Diego
204118.0,Riascos John Misael
204199.0,Abdulmajeed Al-Swat 
205370.0,Mohammed Al Baqawi 
206254.0,Hussain Al-Nakhli 
208867.0,Salem Al-Hamdan 
208884.0,Ahmad Zain 
209139.0,Soltan Ghaniman 
209140.0,Bandar Al Mutairi 
209142.0,Jedan Al Shemmari 
209143.0,Mhana Al Enazi 
209148.0,Omar Almezael 
209273.0,Crysan 
209308.0,Naif Almas 
209471.0,Iury 
209867.0,Ali Al Lajami 
212338.0,Abdulaziz Al-Bishi 
214044.0,Assaf Al-Qarni 
214166.0,Abdulelah Almalki 
214186.0,Osama Al Khalaf 
215215.0,Mohammed Khubrani 
215225.0,Hassan Alamiri 
215658.0,Ali Hadi Albulayhi 
216590.0,Ziyad Al Sahafi 
216591.0,Jamaan Al Dosari 
216768.0,Khalid Al-Barakah 
217610.0,Abdelrazzak Ghazi
217613.0,Bedoui Rami
217624.0,Bangoura Alkhaly
218862.0,Saeed Al-Rabiei 
219670.0,Malek Asselah
219672.0,Belkaroui Hichem
221687.0,João Farinello 
222192.0,João Pedro 
222204.0,Muteb Al-Mutlaq 
222212.0,Hatim Belal 
222213.0,Mansour Al-Najar 
222343.0,Ribamar 
223123.0,Abdulrahman Al-Dossari 
223422.0,Jebali Issam
223604.0,Sami Al-Najei 
223621.0,Abdulaziz Al Sharid 
223624.0,Fahad Ghazi 
223646.0,Majed Kanabah 
224684.0,Dhaifallah Al-Qarni 
225404.0,Mohamed Alotaibi 
226105.0,Abdulrahman Al-Rio 
228331.0,Laaroubi Zouhair
228373.0,Benlamri Djamel
228488.0,Fouzair Mohammed
228876.0,Mebarakou Zidane
230436.0,Omar Al-Sonain 
230777.0,Muteb Al Mufarrij 
232318.0,Ibrahim Al Shuayl 
232472.0,Waleed Hizam 
233279.0,Abdulmalek Al-Shammary 
234519.0,Abdulaziz Al Aryani 
235503.0,Yousef Kalfa 
235504.0,Omar Khrbin 
240847.0,Eissa Haron
241046.0,Hassan Sharahili 
241365.0,Tamer Hag Mohamad 
242106.0,Khaled Al Samiri 
243719.0,Mohammed Al-Zubaidi 
244448.0,Sami Kassar 
244979.0,Mujahid Al Mania 
245384.0,Belkhiter Mokhtar
245402.0,Abdullah Al-Khaibari 
245492.0,Chenihi Ibrahim
246480.0,Abdullah Al-Joui 
246848.0,Rakan Najjar 
246850.0,Ammar Al-Najjar 
247239.0,Mohammed Al Saeed 
247654.0,Saad Al Khayri 
247659.0,Tariq Mohammed 
248478.0,Abdulrahman Alobud 
248599.0,Ayman Al-Khulaif 
248603.0,Hamdan Al Shamrani 
248627.0,Abdulrahman Al-Yami 
248895.0,Saif Hussain 
248965.0,Ahmed Abdoh Jaber 
250789.0,Turki Al-Ammar 
250793.0,Feras Al-Birakan 
420825.0,Abdulaziz Majrashi 
422292.0,Anas Zabani 
422412.0,Muteb Hamad 
423617.0,Awn Al Saluli 
423618.0,Abdulelah Alamri 
423621.0,Yousef Al-Harbi 
423624.0,Ali Al Asmari 
423633.0,Fahad Al Rashidi 
423635.0,Mohammed Al Yami 
424186.0,Abdullah Tarmin 
425191.0,Ahmed Gomaa 
430864.0,Amissi Cédric
431032.0,Nasser Al-Dawsari 
431034.0,Abdulkarim Al-Qahtani 
431035.0,Nayef Kariri 
431036.0,Muhannad Fallatah 
431207.0,Ahmed Bamasud 
431209.0,Mohammed Al-Shoraimi 
431231.0,Rakan Al-Hafdhi 
431233.0,Mohammed Al-Dhaw 
432380.0,Abdullah Al Yousif 
432578.0,Husain Al-Monassar 
432600.0,Omar Mohammead Hawsawi 
432601.0,Zeyad Al-Hunayti 
432813.0,Mohammed Al-Majhad 
432906.0,Mohammed Alsubaie 
432973.0,Fahad Bin Jumayah 
432975.0,Khalid Bin Shuwayyi 
433461.0,Abdullah Magrashi 
433627.0,Abdullah Albishi 
439430.0,Sultan Al Farhan 
441306.0,Hamed Alghamdi 
442254.0,Abdullah Al-Hamdan 
442425.0,Jaber Mustafa 
442429.0,Ali Alnemer 
442526.0,Ali Majrashi 
442530.0,Yousef Al-Shammari 
442532.0,Salem Saeed 
442535.0,Ibrahim Mahnashi 
442536.0,Saad Alselouli 
442552.0,Abdulrahman Ghareeb 
442625.0,Nawaf Al-Farshan 
442626.0,Abdulmohsen Al-Subhi 
443036.0,Jaber Asiri 
443256.0,Rakan Shamlan 
444492.0,Nasser Al Khalifa 
444681.0,Mohamed Atwa 
444683.0,Abdulfattah Adam 
444709.0,Ahmed Ashraf Al-Fiqi 
444710.0,Mohanad Alshudukhi 
445400.0,Ali Al-Hassan 
445444.0,Abdulmohsen Al-Qahtani 
445901.0,Haroune Camara 
447391.0,Naamani Mohamed
447797.0,Kassongo Kabongo
454757.0,Hammoudan Ahmed
455765.0,Bruno Santana 
464000.0,Omar Al-Aowda 
464033.0,Hamed Taleb 
464073.0,Abdullah Almogren 
464076.0,Hussain Qasim 
464098.0,Mansour Al-Mutairi Muteb
464099.0,Abdullah Hussein Hawsawi 
464101.0,Abdulrahman Al Dhifeeri 
464185.0,Abdulbaset Al-Hindi 
465298.0,Ismael Muslimi 
466210.0,Nawaf Al-Habshi 
466342.0,Mohammed Al-Thani 
466807.0,Khalifa Al-Masrahi 
466808.0,Abdullah Al-Bahri 
468266.0,Saud Abdulhamid 
468271.0,Safi Alzaqarta 
468764.0,Badr Bashir 
469102.0,Mohammed Al-Dhafiri 
470014.0,Ibrahim Al-Talhi 
470146.0,Firas Al-Ghamdi 
471194.0,Ramzi Solan 
473241.0,Saleh Ahmed
473647.0,Omar Al-Jadani 
474696.0,Othman Al-Haj 
474861.0,Ounalli Zied
476248.0,Nasser Al-Daajani 
